Affiliated Research Centers,Affiliated Research Labs,Broad Research Areas,DBLP name (all entries):,Department (home),Faculty Update Table,Google Scholar URL,Home page:,Name,Research Areas,Research Areas - Split 1,Research Areas - Split 10,Research Areas - Split 2,Research Areas - Split 3,Research Areas - Split 4,Research Areas - Split 5,Research Areas - Split 6,Research Areas - Split 7,Research Areas - Split 8,Research Areas - Split 9
,,,"Dewan Tanvir Ahmed, Dewan T. Ahmed",CS,,https://scholar.google.com/citations?user=s2ux4pIAAAAJ&hl=en,http://webpages.uncc.edu/dahmed,Dewan Ahmed,"Computer Networks,Distributed Systems and Algorithms,Simulation and Modeling,Serious Games,Multimedia Communication,IoT,Vehicular Networks,Surveillance Systems,Pervasive Computing",Computer Networks,,Distributed Systems and Algorithms,Simulation and Modeling,Serious Games,Multimedia Communication,IoT,Vehicular Networks,Surveillance Systems,Pervasive Computing
ROSEHUB (Robots and Sensors for Human Well-being),"Robotics Lab,""Intelligent, Multimedia, and Interactive Systems Lab""","Artificial Intelligence,Motion Planning,Robotics",Srinivas Akella,CS,,https://scholar.google.com/citations?user=vPOJwdkAAAAJ&hl=en,http://webpages.uncc.edu/sakella,Srinivas Akella,"Robotics,Automation and manufacturing,Biotechnology,Multiple robot coordination,Motion planning",Robotics,,Automation and manufacturing,Biotechnology,Multiple robot coordination,Motion planning,,,,
Cyber Defense and Network Assurability Center,,,"Ehab Al-Shaer, Ehab S. Al-Shaer",SIS,,https://scholar.google.com/citations?user=3ewd8VwAAAAJ&hl=en,http://webpages.uncc.edu/ealshaer,Ehab Al-Shaer,"Network Security,Security Analytics,Network Assurability,Fault Diagnosis",Network Security,,Security Analytics,Network Assurability,Fault Diagnosis,,,,,
,,,Julio Cesar Bahamon,CS,,https://scholar.google.com/citations?user=jelRBjAAAAAJ&hl=en,https://juliobahamon.wordpress.com,Julio Bahamon,"Artificial Intelligence,Narrative Generation,Computational Models of Narratives,Digital Games,Computer Science Education",Artificial Intelligence,,Narrative Generation,Computational Models of Narratives,Digital Games,Computer Science Education,,,,
,Bioinformatics Services Division,,"Cory Brouwer, Cory R. Brouwer",Bioinformatics,,https://scholar.google.com/citations?user=cPpOd0kAAAAJ&hl=en&oi=ao,https://cci.uncc.edu/directory/brouwer-cory,Cory Brouwer,"Computational Biology,Bioinformatics,Nutrition,Plant Genomics,Drug Discovery",Computational Biology,,Bioinformatics,Nutrition,Plant Genomics,Drug Discovery,,,,
,,,Lijuan Cao,SIS,,https://scholar.google.com/citations?user=rY-KxFsAAAAJ&hl=en,https://cci.uncc.edu/directory/cao-lijuan,Lijuan Cao,"Wireless Networking,Mobile Computing",Wireless Networking,,Mobile Computing,,,,,,,
,,,Dazhao Cheng,CS,,https://scholar.google.com/citations?user=rRsraIwAAAAJ&hl=en,http://webpages.uncc.edu/dcheng3,Dazhao Cheng,"Big Data Analytics,Cloud Computing,Sustainable Datacenters,Distributed Systems,Parallel Computing",Big Data Analytics,,Cloud Computing,Sustainable Datacenters,Distributed Systems,Parallel Computing,,,,
,,,Bill Chu,SIS,,,https://cci.uncc.edu/directory/chu-bill,Bill Chu,"Enterprise Integration,Information Privacy and Security,Electronic Commerce,Computer Integrated Manufacturing",Enterprise Integration,,Information Privacy and Security,Electronic Commerce,Computer Integrated Manufacturing,,,,,
,Cooper Lab,"Complex Traits,Evolution,Comparative Genomics",,Bioinformatics,,https://scholar.google.com/citations?user=j9B60e4AAAAJ&hl=en&authuser=1,https://elizcooperlab.com/,Elizabeth Cooper,"Plant Genomics,Population Genomics,Diversification",Plant Genomics,,Population Genomics,Diversification,,,,,,
,,,Bojan Cukic,CS,,https://scholar.google.com/citations?user=B7N812UAAAAJ&hl=en,,Bojan Cukic,"Software Engineering,Dependable Computing,Identity Management",Software Engineering,,Dependable Computing,Identity Management,,,,,,
,Data Intelligence Research (DIR) Lab,"Provenance and Metadata,High Performance Computing,Storage System",,CS,,https://scholar.google.com/citations?user=wGF_4JsAAAAJ&hl=en,https://webpages.uncc.edu/ddai/,Dong Dai,"High Performance Storage Systems,Metadata Management,Provenance,High Performance Computing,Graph Storage,Parallel File Systems",High Performance Storage Systems,,Metadata Management,Provenance,High Performance Computing,Graph Storage,Parallel File Systems,,,
,,,"Nicholas Davis, Nicholas M. Davis",SIS,,https://scholar.google.com/citations?user=bg6Fvv8AAAAJ&hl=en,www.nickmdavis.com,Nicholas Davis,"Human-Computer Interaction,Artificial Intelligence,Creativity and Collaboration,Cognitive Science",Human-Computer Interaction,,Artificial Intelligence,Creativity and Collaboration,Cognitive Science,,,,,
,,,,SIS,,https://scholar.google.com/citations?user=5nvB-y0AAAAJ&hl=en,,Debarati Basu,"Parsonalised Cyberlearning and Engagement,Computer Science Education,Experiential Learning (undergraduate research)",Parsonalised Cyberlearning and Engagement,,Computer Science Education,Experiential Learning (undergraduate research),,,,,,
CEI (Center for Education Innovation),,"Software Engineering,Machine Learning,Predictive Analytics",Mohsen Dorodchi,CS,,https://scholar.google.com/citations?user=u-WKILwAAAAJ&hl=en,,Mohsen Dorodchi,"Software Engineering,Computer Science Education,Learning Analytics,IoT and Security,Machine Learning",Software Engineering,,Computer Science Education,Learning Analytics,IoT and Security,Machine Learning,,,,
Charlotte Visualization Center,,"Visualization+AI,Social Media Data Analysis,Visualization",Wenwen Dou,CS,,https://scholar.google.com/citations?user=NRrQjcIAAAAJ&hl=en,https://webpages.uncc.edu/wdou1/,Wenwen Dou,"Visual Analytics,Social Media Analysis,Human-Computer Interaction",Visual Analytics,,Social Media Analysis,Human-Computer Interaction,,,,,,
,Du Lab,,Xiuxia Du,Bioinformatics,,https://scholar.google.com/citations?hl=en&user=T-xf6vQAAAAJ&view_op=list_works&sortby=pubdate,http://www.du-lab.org,Xiuxia Du,"Bioinformatics,Computational Metabolomics,Computational Proteomics",Bioinformatics,,Computational Metabolomics,Computational Proteomics,,,,,,
,,,Jianping Fan,CS,,https://scholar.google.com/citations?user=MkxaJLAAAAAJ&hl=en,https://webpages.uncc.edu/jfan/,Jianping Fan,"Computer Vision,Image Processing",Computer Vision,,Image Processing,,,,,,,
,,"Information Security,Data Privacy,Data Science",Liyue Fan,CS,,https://scholar.google.com/citations?user=mPJmXakAAAAJ&hl=en,https://webpages.uncc.edu/lfan4/,Liyue Fan,"Spatio-temporal Data Management,Data Privacy",Spatio-temporal Data Management,,Data Privacy,,,,,,,
,Fodor Lab,"Pipeline Automation,Impact of microbial community on host health,Analysis of Multivariate Datasets","Anthony Fodor, Anthony A. Fodor",Bioinformatics,,https://scholar.google.com/citations?user=O2Jew4sAAAAJ&hl=en&oi=ao,http://fodorwebsite.appspot.com,Anthony Fodor,"Bioinformatics,Genomics",Bioinformatics,,Genomics,,,,,,,
CEI (Center for Education Innovation),,"Computer Science Education,Organizational Science,Intersectionality Theory","Tonya Frevert, Tonya K. Frevert",SIS,,https://scholar.google.com/citations?user=4OIxEZcAAAAJ&hl=en,forthcoming,Tonya Frevert,Faculty website not up yet,Faculty website not up yet,,,,,,,,,
,Health Informatics Lab,"Data Integration,Machine Learning,Health Informatics",Yaorong Ge,SIS,,https://scholar.google.com/citations?user=ocq6qCcAAAAJ&hl=en,https://cci-hit.uncc.edu/,Yaorong Ge,"Health Informatics,Medical Imaging,Data Analytics,Machine Learning,Decision Support Systems",Health Informatics,,Medical Imaging,Data Analytics,Machine Learning,Decision Support Systems,,,,
,,"Design Neurocognition,Design Cognition,AI and Design",John S. Gero,CS,,https://scholar.google.com/citations?user=3jv77YgAAAAJ&hl=en,http://mason.gmu.edu/~jgero/,John Gero,"Design Cognition and Neurocognition,Design Computing,Design Education,Artificial Intelligence",Design Cognition and Neurocognition,,Design Computing,Design Education,Artificial Intelligence,,,,,
,Gibas Lab,"Microbiology,Environmental Metagenomics,Genomics","Cynthia Gibas, Cynthia J. Gibas",Bioinformatics,,https://scholar.google.com/citations?user=MHcra3EAAAAJ&hl=en,https://cci.uncc.edu/directory/gibas-cynthia,Cynthia Gibas,"Genomics,Microbiology,Bioinformatics,Biophysics,Data Visualization,Metagenomics",Genomics,,Microbiology,Bioinformatics,Biophysics,Data Visualization,Metagenomics,,,
BRC (Bioinformatics Research Center),Guo Lab,"Computational Modeling,protein-DNA interaction,Structural Bioinformatics",Jun-Tao Guo,Bioinformatics,,https://scholar.google.com/citations?user=3FwYRdMAAAAJ&hl=en,https://guolab.uncc.edu,Jun-Tao Guo,"Structural Bioinformatics,Computational Biology,Protein-DNA Interactions,Indels and Alternative Splicing,Protein Structure Prediction",Structural Bioinformatics,,Computational Biology,Protein-DNA Interactions,Indels and Alternative Splicing,Protein Structure Prediction,,,,
CSI (Complex Systems Institute),,"Machine Learning,Simulation of Social Systems,Modeling,Complex Adaptive Systems",Mirsad Hadzikadic,SIS,,https://scholar.google.com/citations?user=SiFFNkgAAAAJ&hl=en,http://webpages.uncc.edu/mirsad/,Mirsad Hadzikadic,"Data Mining,Machine Learning,Social Theory,Game Theory,Decision Making,Agent Based Simulation,Health Informatics,Complex Systems,Public Policy",Data Mining,,Machine Learning,Social Theory,Game Theory,Decision Making,Agent Based Simulation,Health Informatics,Complex Systems,Public Policy
,Janies Lab,,"Daniel Janies, Daniel A. Janies",Bioinformatics,,https://scholar.google.com/citations?user=9Qsi1r4AAAAJ&hl=en,https://cci.uncc.edu/directory/janies-daniel,Daniel Janies,"Phylogenetics,Infectious Diseases,Biogeography,Echinoderms",Phylogenetics,,Infectious Diseases,Biogeography,Echinoderms,,,,,
,,,"Jeremy Jay, Jeremy J. Jay",Bioinformatics,,https://scholar.google.com/citations?user=chz2jygAAAAJ&hl=en,https://cci.uncc.edu/directory/jeremy-jay,Jeremy Jay,"Bioinformatics,Data Integration,Knowledge Discovery,Databases,Graph Theory",Bioinformatics,,Data Integration,Knowledge Discovery,Databases,Graph Theory,,,,
CSI (Complex Systems Institute),,"Complexity Methodologies,Policy,Complex Systems",,CS,,,,Liz Johnson,Faculty website not up yet,Faculty website not up yet,,,,,,,,,
,,,Siddharth Krishnan,CS,,"https://scholar.google.com/citations?user=I8HrLhQAAAAJ&hl=en
",https://cci.uncc.edu/directory/krishnan-siddharth,Siddharth Krishnan,"Data Science,Machine Learning,Social Computing,Network Analytics",Data Science,,Machine Learning,Social Computing,Network Analytics,,,,,
,Video and Image Analysis Lab,"Artificial Intelligence,Reinforcement Learning,Machine Learning","Minwoo Lee, Min-Woo Lee",CS,,https://scholar.google.com/citations?user=awrLUJ4AAAAJ&hl=en,https://webpages.uncc.edu/mlee173/,Minwoo Jake Lee,"Machine Learning,Reinforcement Learning,Human-Robot Interaction",Machine Learning,,Reinforcement Learning,Human-Robot Interaction,,,,,,
Cyber Defense and Network Assurability Center,Human Computer Interaction Lab,"Security,Human Computer Interaction,Usable security and Privacy","Heather Lipford, Heather Richter Lipford, Heather Richter, Heather A. Richter",SIS,,https://scholar.google.com/citations?user=xzb1IqwAAAAJ&hl=en,https://webpages.uncc.edu/richter/,Heather Lipford,"Usable Security and Privacy,Human Computer Interaction,Secure Software Development",Usable Security and Privacy,,Human Computer Interaction,Secure Software Development,,,,,,
,Genome Visualization Lab,"""I study how user interfaces help scientists understand data by building robust, easy-to-use, open source software at low cost.""",Ann E. Loraine,Bioinformatics,,https://scholar.google.com/citations?user=dg3fgysAAAAJ&hl=en,https://bioviz.org https://bitbucket.org/lorainelab http://lorainelab.org http://igbquickload.org,Ann E. Loraine,"Interactive Visual Analytics,User Interfaces,Bioinformatics",Interactive Visual Analytics,,User Interfaces,Bioinformatics,,,,,,
CEI (Center for Education Innovation),Human Computer Interaction Lab,,Mary Lou Maher,SIS,,https://scholar.google.com/citations?user=2COOamwAAAAJ&hl=en,http://maryloumaher.net,Mary Lou Maher,"Computational Creativity,Collective Intelligence,Virtual Worlds,Curiosity,Studying Designers",Computational Creativity,,Collective Intelligence,Virtual Worlds,Curiosity,Studying Designers,,,,
Charlotte Visualization Center,,"Interaction,Visualization,Data",Aidong Lu,CS,,https://scholar.google.com/citations?user=8GNkuKYAAAAJ&hl=en&oi=ao,https://webpages.uncc.edu/alu1/,Aidong Lu,"Data Visualization,Mixed Reality,Immersive Analytics,Human Behaviors",Data Visualization,,Mixed Reality,Immersive Analytics,Human Behaviors,,,,,
,Bioinformatics Services Division,,Weijun Luo,Bioinformatics,,https://scholar.google.com/citations?user=b-sb6MwAAAAJ&hl=en,https://cci.uncc.edu/directory/luo-weijun,Weiijun Luo,"Bioinformatics,Data Analytics,Integration and Visualization,Genetics,Complex Diseases",Bioinformatics,,Data Analytics,Integration and Visualization,Genetics,Complex Diseases,,,,
,,,,Bioinformatics,,,https://cci.uncc.edu/directory/mays-lawrence,Lawrence Mays,"Bioinformatics,Genomics",Bioinformatics,,Genomics,,,,,,,
ROSEHUB (Robots and Sensors for Human Well-being),"""Intelligent, Multimedia, and Interactive Systems Lab""",,,CS,,https://scholar.google.com/citations?user=7rQCvNkAAAAJ&hl=en,https://webpages.uncc.edu/smcleo12/,Sterling McLeod,"Robotics,Software Validation and Verification,Artificial Intelligence",Robotics,,Software Validation and Verification,Artificial Intelligence,,,,,,
,,,,SIS,,https://scholar.google.com/citations?user=yS1_YjAAAAAJ&hl=en,,Marlon Mejias,"Computer Science Education,Gamification,Socio-Technical Systems",Computer Science Education,,Gamification,Socio-Technical Systems,,,,,,
BRC (Bioinformatics Research Center),,,M. Taghi Mostafavi,CS,,,https://webpages.uncc.edu/taghi/,Taghi Mostafavi,"Cancer Research,Bioinformatics,Medical Instrumentation,Computer Systems Engineering,Systems Architecture",Cancer Research,,Bioinformatics,Medical Instrumentation,Computer Systems Engineering,Systems Architecture,,,,
,"""Cyber resiliency, security, and trust lab (CREST)""","Enterprise security,Trusted computing,Resilience",Thomas Moyer; Thomas M. Moyer,SIS,,https://scholar.google.com/citations?user=u_imA0AAAAAJ&hl=en&oi=sra,https://thomasmoyer.org,Thomas Moyer,"Computer and Network Security,Resilience,Trusted computing",Computer and Network Security,,Resilience,Trusted computing,,,,,,
,,,Xi Niu,SIS,,https://scholar.google.com/citations?user=8s12jxMAAAAJ&hl=en,https://cci.uncc.edu/directory/niu-xi-sunshine,Xi Niu,"Knowledge Discovery in Data and Text,Data Analytics,Log Analysis,Faceted Search,Search Behavior,Information Seeking Behavior",Knowledge Discovery in Data and Text,,Data Analytics,Log Analysis,Faceted Search,Search Behavior,Information Seeking Behavior,,,
CSI (Complex Systems Institute),,,"Dimitris Papanikolaou;
Dimitrios Papanikolaou.",SIS,,,www.dimitris-papanikolaou.com,Dimitrios Papanikolaou,"""Studying, Designing, and Assessing Synergies for Smart Cities"",Data-driven Urban Dynamics Modeling,Institutional Mechanisms for Self-regulation,Human-computer Interfaces",,,,,,,Human-computer Interfaces,,,
,Health Informatics Lab,"Social Computing,Health Informatics",Albert Park,SIS,,https://scholar.google.com/citations?user=2yOn5RgAAAAJ&hl=en,https://cci-hit.uncc.edu/,Albert Park,"Social Computing,Health Informatics,Online Health Communities,Social Media,Machine Learning,Obesity,Misinformation",Social Computing,,Health Informatics,Online Health Communities,Social Media,Machine Learning,Obesity,Misinformation,,
,,"Diversity issues in user interfaces,Information Refinding,Usability Engineering",Manuel A. Pérez-Quiñones,SIS,,https://scholar.google.com/citations?user=ZiR4ZnEAAAAJ&hl=en,https://webpages.uncc.edu/mperez19/,Manuel A. Pérez Quiñones,"Human-Computer Interaction,Personal Information Management,Computers in Education",Human-Computer Interaction,,Personal Information Management,Computers in Education,,,,,,
,,"Operating Systems,Computer Science Education,Real-time systems",Harini Ramaprasad,CS,,https://scholar.google.com/citations?user=-ILzCrcAAAAJ&hl=en,https://webpages.uncc.edu/hramapra/,Harini Ramaprasad,"Real-Time Systems,Cyber-Physical Systems,Operating Systems,Computer Science Education",Real-Time Systems,,Cyber-Physical Systems,Operating Systems,Computer Science Education,,,,,
Charlotte Visualization Center,KDD Lab,"Personalization and Recommender Systems,Knowledge Discovery & Data Mining,Business Analytics",Zbigniew W Ras,CS,,https://scholar.google.com/citations?user=2ihGAJkAAAAJ&hl=en,https://webpages.uncc.edu/ras/,Zbigniew Ras,"Business Analytics,Art Analytics,Health Informatics,Granular Computing,Data Mining,Music Information Retrieval,Personalization and Recommender Systems,Flexible Query Answering,Collaboration and Intelligent Agents",Business Analytics,,Art Analytics,Health Informatics,Granular Computing,Data Mining,Music Information Retrieval,Personalization and Recommender Systems,Flexible Query Answering,Collaboration and Intelligent Agents
BRC (Bioinformatics Research Center),,,"Robert Reid, Robert W. Reid",Bioinformatics,,https://scholar.google.com/citations?user=KTYCoKcAAAAJ&hl=en,,Robert Reid,"Genome Assembly,Gene Annotation,Plant Genomics,Bioinformatics,Data Analytics",Genome Assembly,,Gene Annotation,Plant Genomics,Bioinformatics,Data Analytics,,,,
,Rogers Lab,"Genetic novelty,Population Genetics,Evolutionary genomics",,Bioinformatics,,https://scholar.google.com/citations?user=S5tEH7EAAAAJ&hl=en,https://cci.uncc.edu/directory/rogers-rebekah,Rebekah Rogers,"Evolutionary Genetics,New Gene Formation",Evolutionary Genetics,,New Gene Formation,,,,,,,
CEI (Center for Education Innovation),,"Computer Science Education,Undergraduate Research Experiences,Scholarship of Broadening Participation in Computing",,CS,,,https://cci.uncc.edu/directory/audrey-rorrer,Audrey Rorrer,"CS Education,Scholarship of Broadening Participation in Computing,Undergraduate Research Experiences,Mixed-methods design,Program Evaluation",CS Education,,Scholarship of Broadening Participation in Computing,Undergraduate Research Experiences,Mixed-methods design,Program Evaluation,,,,
,,"Computer Science Education,Graph Analysis,High Performance Computing",Erik Saule,CS,,https://scholar.google.com/citations?user=QoClHFIAAAAJ&hl=en,https://webpages.uncc.edu/~esaule/public-website/,Erik Saule,"Network Analysis,High Performance Computing,Scheduling,Approximation Algorithms,Graph Algorithms",Network Analysis,,High Performance Computing,Scheduling,Approximation Algorithms,Graph Algorithms,,,,
BRC (Bioinformatics Research Center),J. Schlueter Lab,"Complex Genomes,Genome Evoution,Plant Genomics","Jessica Schlueter, Jessica A. Schlueter",Bioinformatics,,https://scholar.google.com/citations?user=EjqqFLQAAAAJ&hl=en,https://cci.uncc.edu/directory/schlueter-jessica,Jessica Schlueter,"Genome Duplication Processes and Consequences in Plants,Genomics",Genome Duplication Processes and Consequences in Plants,,Genomics,,,,,,,
,,,Susan M. Sell,Bioinformatics,,,https://cci.uncc.edu/directory/sell-susan,Susan Sell,"Biomarker Development for Precision Health,Genomics and Environmental Determinants Disease Susceptibility and Progression,Genomics/Environmental Informatic Tools,Genetic Syndromes of Obesity",Biomarker Development for Precision Health,,Genomics and Environmental Determinants Disease Susceptibility and Progression,Genomics/Environmental Informatic Tools,Genetic Syndromes of Obesity,,,,,
,Bioinformatics Services Division,"Survey Data Analysis,Clinical Data Analysis,Genomics data analysis",Wei Sha,Bioinformatics,,https://scholar.google.com/citations?user=_edAvhIAAAAJ&hl=en,https://cci.uncc.edu/directory/sha-wei,Wei Sha,Biostatistics,Biostatistics,,,,,,,,,
"Charlotte Visualization Center,CSI (Complex Systems Institute)",,"Artificial Intelligence,Computational Sociolinguistics,Natural Language Processing",Samira Shaikh,CS,,https://scholar.google.com/citations?user=x39kyaYAAAAJ&hl=en,https://webpages.uncc.edu/sshaikh2/,Samira Shaikh,"Natural Language Processing,Computational Sociolinguistics,Artificial Intelligence,Computational Social Science,Cognitive Science,Data Science",Natural Language Processing,,Computational Sociolinguistics,Artificial Intelligence,Computational Social Science,Cognitive Science,Data Science,,,
,"""Laboratory of Information Integration, Security, and Privacy (LIISP)""","Systems Security,Privacy,Usable Security",Mohamed Shehab,SIS,,https://scholar.google.com/citations?user=l07_FHkAAAAJ&hl=en,https://liisp.uncc.edu/mshehab,Mohamed Shehab,"Security,Privacy,Mobile Security,Access Control,Social Networks",Security,,Privacy,Mobile Security,Access Control,Social Networks,,,,
,Video and Image Analysis Lab,"Artificial Intelligence,Machine Learning,Computer Vision",Min C. Shin; Min Shin,CS,,https://scholar.google.com/citations?user=BVPAmrwAAAAJ&hl=en,https://sites.google.com/a/uncc.edu/mcshin/,Min C. Shin,"Computer Vision,Object Tracking",Computer Vision,,Object Tracking,,,,,,,
,,,Meera Sridhar,SIS,,https://scholar.google.com/citations?user=UQKzUI4AAAAJ&hl=en,http://webpages.uncc.edu/msridhar/,Meera Sridhar,"Secure Software Development,Securing Legacy Software,Static Analysis,Model-Checking,Abstract Interpretation",Secure Software Development,,Securing Legacy Software,Static Analysis,Model-Checking,Abstract Interpretation,,,,
,Su Lab,,Zhengchang Su,Bioinformatics,,https://scholar.google.com/citations?user=knyhUu4AAAAJ&hl=en,https://webpages.uncc.edu/zcsu/,Zheng-Chang Su,"Computational Inference of Signaling and Metabolic Pathways,Characterization of Transcriptional Regulatory Networks in Prokaryotic and Eukaryotic Cells,Single-cell Transcriptome Sequencing",Computational Inference of Signaling and Metabolic Pathways,,Characterization of Transcriptional Regulatory Networks in Prokaryotic and Eukaryotic Cells,Single-cell Transcriptome Sequencing,,,,,,
Charlotte Visualization Center,,"Learning Technogies,Computer Graphics,Data Visualization",Kalpathi R Subramanian,CS,,https://scholar.google.com/citations?user=dKJr2vwAAAAJ&hl=en,https://webpages.uncc.edu/krs/,Kalpathi Subramanian,"Interactive Computer Graphics,""Scientific, Engineering and Information Visualization"",Medical Image Processing and Analysis,Visual Perception,Visual Learning Technologies,Student Engagement and Motivation,Course/Curriculum Standards,Online Learning",Interactive Computer Graphics,,Scientific Engineering and Information Visualization,,Medical Image Processing and Analysis,Visual Perception,Visual Learning Technologies,Student Engagement and Motivation,Course/Curriculum Standards,Online Learning
,,,,Bioinformatics,,https://scholar.google.com/citations?user=DMXqn-kAAAAJ&hl=en,https://cci.uncc.edu/directory/sung-way,Way Sung,"Mutations,Evolution,Biology",Mutations,,Evolution,Biology,,,,,,
,Uncertainty Quantification Lab,"Artificial Intelligence,Machine Learning,Uncertainty Quantification",Gabriel Terejanu,CS,,https://scholar.google.com/citations?user=Z7LP12kAAAAJ&hl=en,http://uncertaintyquantification.org/,Gabriel Terejanu,"Uncertainty Quantification,Bayesian Inference,Model Calibration and Validation,Machine Learning,Information Theory,Optimal Experimental Design",Uncertainty Quantification,,Bayesian Inference,Model Calibration and Validation,Machine Learning,Information Theory,Optimal Experimental Design,,,
,,,,SIS,,,https://webpages.uncc.edu/wjtolone/Tolone/Home.html,William Tolone,"Critical Infrastructure Protection,Agent-based Modeling & Simulation,Analytics,Agent-based Integration,Secure Collaboration Architectures,Collaborative Systems,Information Environments,Meta-level Architectures",Critical Infrastructure Protection,,Agent-based Modeling & Simulation,Analytics,Agent-based Integration,Secure Collaboration Architectures,Collaborative Systems,Information Environments,Meta-level Architectures,
,,,Angelina A. Tzacheva,CS,,,https://webpages.uncc.edu/aatzache/,Angelina Tzacheva,"Knowledge Discovery in Databases,Distributed Knowledge Systems,Medical Imaging,Bioinformatics,Multimedia Databases",Knowledge Discovery in Databases,,Distributed Knowledge Systems,Medical Imaging,Bioinformatics,Multimedia Databases,,,,
,,,Pu Wang,CS,,https://scholar.google.com/citations?user=0buJlAUAAAAJ&hl=en,https://webpages.uncc.edu/pwang13/,Pu Wang,"Software-Defined Networking,Cyber-Physical Systems,Internet of Nano-Things,UAV Networks",Software-Defined Networking,,Cyber-Physical Systems,Internet of Nano-Things,UAV Networks,,,,,
,,,Weichao Wang,SIS,,https://scholar.google.com/citations?user=AQeAemYAAAAJ&hl=en,http://webpages.uncc.edu/wwang22/,Weichao Wang,"Securing Pervasive Systems,Wireless Networks,Cloud Computing Environments,Computer Security",Securing Pervasive Systems,,Wireless Networks,Cloud Computing Environments,Computer Security,,,,,
,,,Yongge Wang,SIS,,https://scholar.google.com/citations?user=GZtrefYAAAAJ&hl=en,https://webpages.uncc.edu/yonwang/,Yongge Wang,"Cryptography,Information Theory,Information Security,Complexity,Mathematical Logic",Cryptography,,Information Theory,Information Security,Complexity,Mathematical Logic,,,,
Charlotte Visualization Center,,"3D Computer Graphics,Visualization,Virtual and Mixed Reality",Zachary Wartell,CS,,https://scholar.google.com/citations?hl=en&user=Na3SK1kAAAAJ&view_op=list_works&sortby=pubdate,https://webpages.uncc.edu/zwartell/,Zachary Wartell,"Virtual and Mixed Reality Interfaces,Visualization and Interactive Computer Graphics",Virtual and Mixed Reality Interfaces,,Visualization and Interactive Computer Graphics,,,,,,,
Cyber Defense and Network Assurability Center,Systems Security Lab,"Security Data Analytics,Malware Analysis and Defense,System Security",Jinpeng Wei,SIS,,https://scholar.google.com/citations?user=2J9Nd4wAAAAJ&hl=en,http://webpages.uncc.edu/jwei8/,Jinpeng Wei,"Computer Security,Stealthy Malware Detection,""Software Vulnerability Modeling, Detection, Risk Assessment and Prevention"",Active Cyber Defense,Cyber Threat Hunting,Malware Analysis,Cloud Computing Security,Software Vulnerability",Computer Security,Software Vulnerability,Stealthy Malware Detection,"Software Vulnerability Modeling, Detection Risk Assessment and Prevention",,,Active Cyber Defense,Cyber Threat Hunting,Malware Analysis,Cloud Computing Security
Bioinformatics Research Core,Weller Lab,"DNA Sequencing,Nucleic Acid Biophysics,Genomics",Jennifer W. Weller,Bioinformatics,,,https://cci.uncc.edu/directory/weller-jennifer,Jennifer Weller,"Structure-Function relationships of nucleic acids,DNA sequencing techologies,Biological Databases and Ontologies",Structure-Function relationships of nucleic acids,,DNA sequencing techologies,Biological Databases and Ontologies,,,,,,
,,,"DM Wilson, Dale-Marie Wilson",SIS,,https://scholar.google.com/citations?user=T-pzXyUAAAAJ&hl=en,https://webpages.uncc.edu/dwilso1/,Dale-Marie Wilson,"Human Centered Computing,Virtual Agents,Speech Technologies,Affective Computing",Human Centered Computing,,Virtual Agents,Speech Technologies,Affective Computing,,,,,
CEI (Center for Education Innovation),Human Computer Interaction Lab,,"David Wilson, David C. Wilson",SIS,,,http://webpages.uncc.edu/davils/,David Wilson,"Data Science,Recommender Systems,Human-Computer Interaction,Artificial Intelligence,Spatial Systems",Data Science,,Recommender Systems,Human-Computer Interaction,Artificial Intelligence,Spatial Systems,,,,
ROSEHUB (Robots and Sensors for Human Well-being),"""Intelligent, Multimedia, and Interactive Systems Lab""",,Jing Xiao,CS,,,https://webpages.uncc.edu/xiao/,Jing Xiao,"Intelligent Systems,Haptics,Robotics,Computer Vision,Artificial Intelligence",Intelligent Systems,,Haptics,Robotics,Computer Vision,Artificial Intelligence,,,,
,Parallel Architecture and System Software,"Systems,Computer Architecture,Compiler Techniques,Parallel Programming Model,High Performance Computing,Parallel Computing",,CS,,https://scholar.google.com/citations?hl=en&user=5gWChxIAAAAJ,https://passlab.github.io/yanyh/,Yonghong Yan,"Parallel Computing,High Performance Computing,Parallel Programming Model and Compiler Techniques,Computer Architecture,Computer Systems",Parallel Computing,,High Performance Computing,Parallel Programming Model and Compiler Techniques,Computer Architecture,Computer Systems,,,,
Charlotte Visualization Center,,"""Applications of visual analytics related to high dimensional, text, trajectory, graph, and time-oriented data""",Jing Yang,CS,,https://scholar.google.com/citations?user=r1jAycQAAAAJ&hl=en,https://webpages.uncc.edu/jyang13/,Jing Yang,"Information Visualization,Visual Analytics",Information Visualization,,Visual Analytics,,,,,,,
Charlotte Visualization Center,,"Information Retrieval,Data Science,Natural Language Understanding",Wlodek Zadrozny,CS,,https://scholar.google.com/citations?user=PwdKImsAAAAJ&hl=en,https://cci.uncc.edu/directory/zadrozny-wlodek,Wlodek Zadrozny,"Natural Language Processing,Dialog,Systems,Information Retrieval,Semantics",Natural Language Processing,,Dialog,Systems,Information Retrieval,Semantics,,,,
,Video and Image Analysis Lab,,Shaoting Zhang,CS,,https://scholar.google.com/citations?user=oiBMWK4AAAAJ&hl=en,https://webpages.uncc.edu/szhang16/,Shaoting Zhang,"Large Scale Data Analytics,Medical Informatics,Computer Vision,Machine Learning",Large Scale Data Analytics,,Medical Informatics,Computer Vision,Machine Learning,,,,,
